<!-- 
Usage instructions:
    1. Copy this XML and the folder (VigaC) to %appdata%\Ansys\vXXX\ACT\extensions.
    2. Load the extension: 
      a. Click on ACT Start Page
      b. Click on Extension Manager
      c. Click on CantileverBeam
    3. Open Mechanical and click on Open Wizard in the toolbar
    4. Select VigaC
    5. Follow the steps
-->

<extension version="1" minorversion="0" name="CantileverBeam" icon="images/viga.png">
	<guid>6D33EFFC-C521-4859-8273-BA320044B6B8</guid>
	<author>Paulo Liborio.</author>
	<description>Extensao Wizard para demonstracao.</description>

	<script src="main.py" />
	<script src="ds.py" />
	<script src="dm.py" />
	<script src="sc.py" />
	
	<interface context="Project|Mechanical|SpaceClaim|DesignModeler">
		<images>images</images>		
	</interface>
		<!-- custom object for DM -->
		<simdata context="DesignModeler">
		<geometry name="Cube" caption="Cube" icon="deck" version="1">
			<callbacks>
				<ongenerate>GenerateCube</ongenerate>
			</callbacks>
			<property name="Length" caption="Length" control="float" unit="Length" default="1 [m]" />
			<property name="Width" caption="Width" control="float" unit="Length" default="2 [m]" />
			<property name="Height" caption="Height" control="float" unit="Length" default="2 [m]" />
		</geometry>
	</simdata>
	
	<wizard name="Cantilever Beam" version="1" context="Project" icon="viga">
		<description>Static simulation of a Cantilever Beam.</description>
		<!-- step 1 -->
		<step name="Project" caption="Create Project" version="1" context="Project" HelpFile="help/prj1.html">
			<description>Create a static structural analysis.</description>
			
			<callbacks>
				<onupdate>CreateStaticStructural</onupdate>
				<!--<onreset>DeleteStaticStructural</onreset>-->
			</callbacks>
			
			<property name="Name" caption="Analysis Label" control="text" />
			<property name="Context" caption="Geometry Context" control="select">
				<attributes options="SpaceClaim"/>
				<callbacks>
					<onvalidate>OnSelectContext</onvalidate>
				</callbacks>
			</property>
			<property name="BeamSection" caption="Beam Section" control="select">
				<attributes options="C Beam, W Beam, L Beam"/>
			</property>
			
		</step>	
		<!-- step 2 (in DM selected) -->
		<step name="DeckDM" caption="GeometryDM" version="1" context="DesignModeler" HelpFile="help/dm1.html">
			<description>Create the deck.</description>
		
			<callbacks>
				<onupdate>UpdateCube</onupdate>
			</callbacks>
			
			<propertygroup display="caption" name="Geometry" caption="Geometry Definition" >
				<property name="Length" caption="Length" control="float" unit="Length" default="1 [m]" />
				<property name="Width" caption="Width" control="float" unit="Length" default="2 [m]" />
				<property name="Height" caption="Height" control="float" unit="Length" default="2 [m]" />
			</propertygroup>
			
		</step>		
		<!-- step 2 bis (in SC selected) -->
		<step name="DeckSC" caption="GeometrySC" version="1" context="SpaceClaim" HelpFile="help/sc1.html">
			<description>Create the deck.</description>

			<callbacks>
				<onupdate>UpdateChannel</onupdate>
			</callbacks>

			<propertygroup display="caption" name="Geometry" caption="Geometry Definition" >
				<property name="Length" caption="Length" control="float" unit="Length" default="3000 [m]" />
				<property name="Depth" caption="Depth" control="float" unit="Length" default="381 [m]" />
				<property name="Web Thickness" caption="Web Thickness" control="float" unit="Length" default="18.2 [m]" />
				<property name="Flanges Width" caption="Flanges Width" control="float" unit="Length" default="94.4 [m]" />
				<property name="Flanges Thickness" caption="Flanges Thickness" control="float" unit="Length" default="16.5 [m]" />
			</propertygroup>

			<property name="Vol_Geom" caption="Geometry/Mesh Dimensions" control="select">
				<attributes options="1D,2D,3D"/>
			</property>

		</step>
		<!-- step 3 -->
		<step name="Mesh" caption="Mesh" version="1" context="Mechanical" HelpFile="help/ds1.html">
			<description>Setup some mesh controls.</description>
			
			<callbacks>
				<onreset>RemoveControls</onreset>
				<onupdate>CreateMeshControls</onupdate>
			</callbacks>
			
			<propertygroup display="caption" name="Sizing" caption="Mesh Sizing" >
				<property name="Location" caption="Edge Location" control="geometry_selection">
					<attributes selection_filter="edge" />
					<callbacks>
						<isvalid>IsLocationValid</isvalid>
					</callbacks>
				</property>
				<property name="Ndiv" caption="Divisions" control="integer" />
			</propertygroup>
			
		</step>
		<!-- step 4 -->
		<step name="Solution" caption="Solution" version="1" context="Mechanical" HelpFile="help/ds2.html">
			<description>Setup loads.</description>
			
			<callbacks>
				<onrefresh>RefreshLoads</onrefresh>
				<onreset>RemoveLoads</onreset>
				<onupdate>CreateLoads</onupdate>
			</callbacks>
			
			<propertygroup display="caption" name="Mesh" caption="Mesh Statistics" >
				<property name="Nodes" caption="Nodes" control="text" readonly="true" />
				<property name="Elements" caption="Elements" control="text" readonly="true" />
			</propertygroup>
			<propertygroup display="caption" name="FixedSupport" caption="Fixed Support" >
				<property name="Location" caption="Face Location" control="geometry_selection">
					<attributes selection_filter="face" />
					<callbacks>
						<isvalid>IsLocationFSValid</isvalid>
					</callbacks>
				</property>
			</propertygroup>

			<propertygroup display="caption" name="RemoteLoad" caption="Remote Load" >
				<property name="Location" caption="Face Location" control="geometry_selection">
					<attributes selection_filter="face" />
					<callbacks>
						<isvalid>IsLocationRLValid</isvalid>
					</callbacks>
				</property>
				<property name="Mag" caption="Vertical Force P" control="float" />
				<property name="ePos" caption="Distance e" control="float" />
			</propertygroup>

		</step>
		<!-- step 5 -->
		<step name="Results" caption="Results" version="1" context="Mechanical" HelpFile="help/prj2.html">
			<description>View Results.</description>
			
			<callbacks>
				<onrefresh>RefreshResultsProject</onrefresh>
			</callbacks>
			
			<property name="Res" caption="Deflection" control="text" readonly="true" />
			<property name="Res1" caption="Normal Stress" control="text" readonly="true" />
			
		</step>
		
	</wizard>

</extension>
